{"min": [-0.4248929361165616, -0.0627875365669307, -0.9480331956061491], "max": [0.42459986832562374, 0.05774832866004007, 0.9461062918817229]}