{"handle_min": [-0.03201263829928065, -0.055877734332290076, -0.03194694237896413], "handle_max": [0.03184763165193043, 4.821327274811956e-09, 0.031913331188234216], "goal_pos": [-8.250332367511193e-05, 0.0, 0.040509785207502674]}