{"handle_min": [-0.05159580957553873, -0.054244785916961316, -0.051388849404486014], "handle_max": [0.0510001279779314, -0.00018076437535294873, 0.051194684283140265], "goal_pos": [-0.00029784080805256963, -9.70825631520711e-05, 0.03531277567148209]}