{"min": [-0.2941386044025421, -0.008041424672158659, -0.5084407687851994], "max": [0.2915898084640503, 0.43125464838326977, 0.4433674547264908]}