{"handle_min": [-0.09929669282223284, -0.008636030488128008, -0.1132636874571078], "handle_max": [0.10663725098710555, 0.00026586923529540454, 0.09859147874204668], "goal_pos": [-0.00032972092740237715, 0.0006638956256210804, 0.0031850807368755344]}