{"min": [-0.4038557557824202, -0.051898134412876, -0.8720241088598742], "max": [0.40933079743494566, 0.06000910839941257, 0.8438750936474855]}