{"handle_min": [-0.11176883050079571, -0.05843868433766438, -0.022176353134834795], "handle_max": [0.022176364111171493, 4.46924820554856e-09, 0.02217636391025944], "goal_pos": [-0.05588441797560669, 0.0, 0.04696042553125028]}