{"handle_min": [-0.06325041967154428, -0.027207925743835182, -0.06308813797522599], "handle_max": [0.06337268300816358, -0.0010123912597935886, 0.06353497612455128], "goal_pos": [6.11316689173691e-05, 0.00022341907024383544, 0.008710158616304397]}