{"min": [-0.3869287577502149, -0.01828568159404461, -0.8811774264659555], "max": [0.38716545844225786, 0.01934393211655931, 0.903539790407748]}