{"handle_min": [-0.03212854248759632, -0.060963645409754116, -0.02779298686503621], "handle_max": [0.03183727375467628, -0.00019611334618363025, 0.027602995230990825], "goal_pos": [-0.00014563436650699325, 0.0, 0.04568991310578506]}