{"min": [-0.3687482609045309, -0.060421397456537664, -0.9242982709015004], "max": [0.3698164652159543, 0.12421978407358364, 0.9221136159616934]}