{"handle_min": [-0.03336314011243512, -0.09587290318131395, -0.0324988098405098], "handle_max": [0.03205166365586575, 0.0015036626122019482, 0.032916912861995155], "goal_pos": [-0.0006557382408709315, 0.0, 0.06209316676024465]}