{"min": [-0.38257487748330643, -0.0577659845638661, -0.7985811717664931], "max": [0.7612309199112703, 0.057962166935452496, 1.0315077036990865]}