{"handle_min": [-0.1348170201976624, -0.07591807064777857, -0.030371478463124726], "handle_max": [0.03106942867018852, -0.0006643402865896935, 0.030548198672435987], "goal_pos": [-0.06740851172876368, 0.0, 0.06218127348128311]}