{"min": [-0.4036402666655414, -0.026309900394875328, -0.925233087451771], "max": [0.40306492225654894, 0.0272718899061617, 0.9391983503302358]}