{"handle_min": [-0.03337445008661288, -0.04611169318464217, -0.03253772473913762], "handle_max": [0.03420610131294134, -0.00036784002951201103, 0.03504281796716757], "goal_pos": [0.0004158255976253102, 0.0, 0.03244191030522849]}