{"min": [-0.41320597308367846, -0.06106052357987034, -0.9219569115138299], "max": [0.41292096631740755, 0.056159922440748335, 0.920083008558965]}