{"handle_min": [-0.10689022840177739, -0.0753572584697462, -0.0265785677386408], "handle_max": [0.026640857312936993, -0.0012907991806952953, 0.02594219175508398], "goal_pos": [-0.053445114200888696, -0.0012842490341578223, 0.0665775046511038]}