{"min": [-0.38291874726059094, -0.04858478847051941, -0.8739199251192619], "max": [0.38108355680098255, 0.04818842940653194, 0.8747963928087908]}