{"handle_min": [-0.031034702684681094, -0.08704778981497181, -0.031072657569836598], "handle_max": [0.031064347688388116, -0.00017456183528445486, 0.03102650868283744], "goal_pos": [1.4822501701137133e-05, 0.0, 0.06134329412418289]}