{"min": [-0.2931639194488525, 0.0006431554444134235, -0.3153791099786758], "max": [0.29357607346028086, 0.6140531480312347, 0.3158108823932707]}