{"min": [-0.3349059823404065, -0.05017919782611941, -0.9222872630886899], "max": [0.33446584779156874, 0.05022622769868525, 0.9184852919863983]}