{"handle_min": [-0.13092567293705282, -0.06710014060262581, -0.0126153577093286], "handle_max": [0.015157060413173237, -0.013115206435726362, 0.014437009961979445], "lock_min": [-0.029133922589553423, -0.01424020028126381, -0.10623875427497616], "lock_max": [0.029299169509620065, -0.00013008000965380106, 0.0292063352146894], "goal_pos": [-0.06546283661916344, -0.0, 0.05958536980104263]}