{"min": [-0.33579195070666673, -0.047265677736458456, -0.9484833815502932], "max": [0.3358147671306403, 0.04754940402306869, 0.9478178196182769]}