{"handle_min": [-0.12540000322086384, -0.05029497422814751, -0.03785374631448839], "handle_max": [0.03760720109380512, -0.0001389091697041321, 0.03738034798458902], "goal_pos": [-0.06270000259721326, 0.0019746482619875014, 0.0429887756463681]}