{"min": [-0.3835631941605813, -0.04866655599049724, -0.8753907201393857], "max": [0.38172491510107787, 0.048269529859744566, 0.8762686629117866]}