{"handle_min": [-0.10435658680310914, -0.04626538014596197, -0.03194851782554669], "handle_max": [0.028911858642821142, 0.005923680568551962, 0.027696131859740923], "goal_pos": [-0.052178294519205456, 0.0, 0.03880980249012267]}