{"min": [-0.43078341888772725, -0.06511261078462145, -0.9422195216656598], "max": [0.4329996883764943, 0.06568171525360113, 0.9270399756993339]}