{"handle_min": [-0.033158107541805606, -0.04984566270286282, -0.03304957242265832], "handle_max": [0.033177017157789854, -9.432670647553411e-05, 0.03328555155203646], "goal_pos": [9.454807813956553e-06, 0.0, 0.04155377629849031]}