{"min": [-0.35722627267241475, -0.03186427641381575, -0.35400280998207917], "max": [0.35442711487412454, 0.6797891648610607, 0.3576506312927973]}