{"handle_min": [-0.08145642714951534, -0.05744824920808421, -0.08463308273832416], "handle_max": [0.0851831564405141, -0.00026976513841015046, 0.0820403343943752], "goal_pos": [0.0018633646965026856, -0.0012963742017745971, 0.02893900680541992]}