{"min": [-0.3558028070637176, -0.06233711806901005, -0.891903534487034], "max": [0.35640467435541834, 0.060456467331617754, 0.8845200114969953]}