{"handle_min": [-0.11280845145322789, -0.0589822534203665, -0.022382627113583683], "handle_max": [0.022382638192017086, 4.5108190447108716e-09, 0.022382637989236245], "goal_pos": [-0.056404228477171386, 0.0, 0.04739722926354908]}