{"min": [-0.3736517797242185, -0.06122486554290421, -0.936589349794327], "max": [0.37473418873977116, 0.1258716265730932, 0.9343756438792405]}