{"handle_min": [-0.11504922614819559, -0.06015384951280401, -0.022827225224779375], "handle_max": [0.022827236523269637, 4.600419859532421e-09, 0.022827236316460848], "goal_pos": [-0.05752461587929102, 0.0, 0.04833870581585666]}