{"min": [-0.4830430450807175, -0.04711608486958224, -0.9401122950713096], "max": [0.4855221199261799, 0.04825935356094326, 0.9431792476212595]}