{"handle_min": [-0.12181398260048701, -0.06276517760728823, -0.03288515580902183], "handle_max": [0.03292249242438697, -0.00021213513349869491, 0.03296015781450897], "goal_pos": [-0.06090699319117911, -0.0, 0.05015346879922358]}