{"min": [-0.24464107791740575, -0.04151403520495184, -0.5723087191581726], "max": [0.5821307135705035, 0.45061203241358705, 0.48084080596490963]}