{"handle_min": [-0.06592412240561182, -0.06779403307377428, -0.09527865186469239], "handle_max": [0.1032483503038182, 1.3839145351565719e-08, 0.08912306704876448], "goal_pos": [0.0006621139298658819, -0.003077792306430638, 0.006897009629756212]}