{"min": [-0.8355740322397381, -0.061305142388799534, -0.8770837131628301], "max": [0.8326889620170013, 0.060762958060529546, 0.872558047431]}