{"handle_min": [-0.031197840629942634, -0.06299924433283635, -0.031310370020967204], "handle_max": [0.031145066070560543, -8.282126102699745e-05, 0.031032536679535972], "goal_pos": [-2.638727951351617e-05, 0.0, 0.04078804434057356]}