{"min": [-0.4142722958922232, -0.05519205268517393, -0.9306599073972808], "max": [0.41391855362239394, 0.056725700762278966, 0.9383653660484768]}