{"handle_min": [-0.11021694194188444, -0.07770258054310125, -0.027405764784571317], "handle_max": [0.027469992979200882, -0.0013309723487779515, 0.026749583056067075], "goal_pos": [-0.05510847097094222, -0.0013242183439318032, 0.06864957699579798]}