{"handle_min": [-0.13854585160946833, -0.06806733727454894, -0.03067039138863101], "handle_max": [0.05338327296295967, -0.00015395420918544456, 0.030762231005820807], "goal_pos": [-0.0005812893155962229, 4.5919806871097536e-05, 0.049110643565654755]}