{"min": [-0.3957524961254562, -0.08600148309131035, -0.8523108338743366], "max": [0.3975888211151584, 0.08623717829166672, 0.8596375605742266]}