{"handle_min": [-0.031323404705932166, -0.07178576645857633, -0.031200591926667867], "handle_max": [0.031055806191154053, -7.581369646749066e-10, 0.031219197812849982], "goal_pos": [-0.00013379925715206376, 0.0, 0.05413068798568695]}