{"min": [-0.3820129832491, -0.059196247062170956, -0.8949688090656746], "max": [0.37879692979736385, 0.0563667838004993, 0.8701331267706842]}