{"handle_min": [-0.11734285900003678, -0.06561413283509722, -0.046283425854025145], "handle_max": [0.04628342970427098, 2.0231140993864993e-09, 0.046283434657999736], "goal_pos": [-0.05867142913165755, -0.0, 0.05467325293185971]}