{"min": [-0.4342962974571647, -0.06193468988429513, -0.937767402774999], "max": [0.4342967158646875, 0.061458709486332266, 0.9443449479938695]}