{"handle_min": [-0.13784613956027603, -0.0844048455907106, -0.013190762973314766], "handle_max": [0.01411167180100415, 0.004476132416459179, 0.013569108756014242], "goal_pos": [-0.06892306757436595, 0.0, 0.07006544351900915]}