{"min": [-0.3723602749107856, -0.06523800813399955, -0.9334087272561027], "max": [0.3729901504085283, 0.06326984034081753, 0.9256816082008319]}