{"handle_min": [-0.03256964522212746, -0.053529637379852835, -0.03349683907133551], "handle_max": [0.034549169163000576, -2.851380744936588e-05, 0.033621975313792525], "goal_pos": [0.0009897619938132856, 0.0, 0.03165526308561122]}