{"min": [-0.4153561007567887, -0.09026156758537206, -0.8945300612294488], "max": [0.41728338812683013, 0.09050893795029853, 0.9022197174240929]}