{"handle_min": [-0.09952468949623844, -0.038715579353621556, -0.03273084455260524], "handle_max": [0.03264604217477899, -0.000563201756356286, 0.032673227958997526], "goal_pos": [-0.04976234482601368, -0.0008583212127106358, 0.035089172111619264]}