{"min": [-0.3629121131524934, -0.02095920099348616, -0.8978765736910084], "max": [0.7233442762130065, 0.10566033129023202, 0.8890568933324319]}