{"handle_min": [-0.032263722706092644, -0.07901481634848477, -0.03221605340760763], "handle_max": [0.032185662596016885, -0.0001783842269070222, 0.0322333318945019], "goal_pos": [-3.903005663889344e-05, 0.0, 0.06296853052056449]}