{"min": [-0.3905290069427918, -0.04282435219099635, -0.9078836221158718], "max": [0.3905856736985178, 0.04282427232056635, 0.919369482634153]}