{"handle_min": [-0.12276143457034672, -0.060691743953471315, -0.045779584144494484], "handle_max": [0.045779588146681226, -3.968977936446787e-09, 0.04577959214886911], "goal_pos": [-0.0613807197145593, -0.0, 0.05656181810854335]}