{"min": [-0.3340973328958292, -0.05005803731364405, -0.9200603483055453], "max": [0.333658261076764, 0.05010495362992145, 0.9162675572776097]}