{"handle_min": [-0.030220308697061528, -0.07636704313287933, -0.031183843472949883], "handle_max": [0.03205296250706913, -8.228874622489085e-05, 0.031089427731180775], "goal_pos": [0.0009163268956684239, 0.0, 0.05783829315895502]}