{"min": [-0.3626051319198649, -0.05475070028396083, -0.7568966186227031], "max": [0.7214959851825362, 0.05493664227575443, 0.9776647892737935]}