{"handle_min": [-0.03305231768234624, -0.10266687526108963, -0.03307392819536476], "handle_max": [0.03309554833851933, -0.00019321904913407168, 0.03307392819536476], "goal_pos": [2.1615327964409867e-05, 0.0, 0.06667220527361208]}