{"min": [-0.2862255401909351, -0.08417211506944987, -0.43335963134884037], "max": [0.346870469301939, 0.46462029482740075, 0.39024601430047823]}