{"handle_min": [-0.059922188076557074, -0.06457775707181515, -0.09958890935061365], "handle_max": [0.11351038110716104, -7.817586739852778e-05, 0.09997001643123894], "goal_pos": [0.0007940965006127954, 0.00019055354641750455, 0.03232796490192413]}