{"min": [-0.4006464554023219, -0.060557429949848036, -0.8763032535952895], "max": [0.40270767799344087, 0.06108672072162157, 0.8621856459544762]}