{"handle_min": [-0.1142822615618945, -0.03509034572821023, -0.025590630434160922], "handle_max": [0.025640087483643464, 0.0, 0.025662140119746792], "goal_pos": [-0.057141129613690715, 0.0, 0.027759770904660905]}