{"min": [-0.38517771431925024, -0.04602284473692349, -0.8962857165665931], "max": [0.39772790087838017, 0.04689549930452611, 0.8812722284028768]}