{"handle_min": [-0.12961519738559826, -0.06687737240031855, -0.02886107393014756], "handle_max": [0.0288066735850369, -5.211443923913048e-05, 0.028746879882379048], "lock_min": [-0.028801280520475474, -0.026551774154900506, -0.10375142120577409], "lock_max": [0.02880667358503612, -5.210789211544482e-05, -0.04614344997567685], "goal_pos": [-0.0648075993015698, 0.0, 0.05881224420961318]}