{"handle_min": [-0.07343910832154965, -0.03171344045594243, -0.07337943143098102], "handle_max": [0.07349819781999162, -0.00047059497972962855, 0.07355832629851844], "goal_pos": [2.9544749850174412e-05, 8.944743603933603e-05, 0.008092017844319344]}