{"min": [-0.3382157564163208, -0.08081877537414457, -0.41971730990100764], "max": [0.32637906074523926, 0.6240546862498703, 0.30529574904894524]}