{"handle_min": [-0.10904294251313881, -0.06556690242384335, -0.10011390510576725], "handle_max": [0.14412104012619154, -0.00025094847439523227, 0.10876773799404324], "goal_pos": [-0.0004609511815942824, 0.00032691642991267145, 0.044908925890922546]}