{"min": [-0.7333293856446388, -0.16981207466168338, -0.8891779629975518], "max": [0.7394494917116329, 0.06941901749718908, 0.914449206644147]}