{"handle_min": [-0.09802771225048856, -0.06069168731239457, -0.03384020511369834], "handle_max": [0.03347237004144592, -0.0008284660444955294, 0.03297203058913016], "goal_pos": [-0.029822454565379106, 0.008636129661764292, 0.051870616178255724]}