{"min": [-0.6287442236915215, -0.05200220097699115, -0.25578320026397705], "max": [0.28094533449408, 0.8862103215056488, 0.236341793788597]}