{"handle_min": [-0.05142567417889382, -0.03211878333666174, -0.050072293487256045], "handle_max": [0.050112754464104306, -0.0002522041165117263, 0.04870596701237345], "goal_pos": [-0.0006564598297700286, -0.0006831632344983518, 0.018685493618249893]}