{"min": [-0.337564422251011, -0.04551031015707828, -0.8569580688984005], "max": [0.3370864301016507, 0.04444312956003728, 0.8671495922593415]}