{"handle_min": [-0.11138781894675841, -0.043330393345492886, -0.03663229099687752], "handle_max": [0.03653738035756402, -0.0006303341973237843, 0.036567806628932345], "goal_pos": [-0.055693909560558516, -0.0009606312596753984, 0.03927172614096339]}