{"min": [-0.38240873237556017, -0.06372306025295658, -0.9334272147520895], "max": [0.3846414007047937, 0.06393610192945798, 0.8271863178042419]}