{"handle_min": [-0.033152215516251395, -0.06084204437794515, -0.0330105528752195], "handle_max": [0.03306567674765382, -0.00014232651121426175, 0.03320733938868571], "goal_pos": [-4.326938568236936e-05, 0.0, 0.041528497882272704]}