{"min": [-0.3221054773149537, -0.06044037956248823, -0.9250881111095252], "max": [0.3225795533444924, 0.060438257256720106, 0.9283814771846848]}