{"handle_min": [-0.11150868427886614, -0.059314736886699276, -0.024994615180476604], "handle_max": [0.02499025675982022, -0.00023416657651155546, 0.02485114392748049], "goal_pos": [-0.0557543405706269, -0.0, 0.048185580891964105]}