{"min": [-0.4360689647246665, -0.05603774471585619, -0.9415803660610549], "max": [0.44198071839180375, 0.06479568360511459, 0.9111860687260964]}