{"handle_min": [-0.03268141004992064, -0.09391387174545454, -0.031834741183016754], "handle_max": [0.03139673181809001, 0.0014729373266574065, 0.03224430084203641], "goal_pos": [-0.0006423391282443757, 0.0, 0.06082437796175244]}