{"min": [-0.3650274874797523, -0.04921287042124825, -0.9266771915106545], "max": [0.3645106075545737, 0.04805886772917736, 0.9376978617022222]}