{"handle_min": [-0.03357634107993954, -0.07694895883529443, -0.03344469498960337], "handle_max": [0.03328949553779534, -8.126659777317842e-10, 0.03346463910444051], "goal_pos": [-0.0001434227708180594, 0.0, 0.05802403856675906]}