{"min": [-0.1772355481982231, -0.010824215785202448, -0.5378453969280271], "max": [0.17918185740709305, 0.19411603052050394, 0.5314080155324402]}