{"handle_min": [-0.07005961513479964, -0.048984198901649734, -0.06901384605886829], "handle_max": [0.06870382700913069, -0.0006470455464437919, 0.06861011013442031], "goal_pos": [-0.0006778940442018211, 0.004798131994903088, 0.02981562167406082]}