{"min": [-0.3315643595046243, -0.046670607000138815, -0.9365420589822956], "max": [0.33158688867182157, 0.04695076119769052, 0.9358848764166169]}