{"handle_min": [-0.03128631042254954, -0.05496704080344807, -0.031287333713484515], "handle_max": [0.03128825605195056, -0.0002142922512710421, 0.03128723630420193], "goal_pos": [9.728147005085844e-07, 0.0, 0.03744492955530274]}