{"min": [-0.34988491237163544, 0.036115424241779125, -0.2578182275541008], "max": [0.3503595024347305, 0.4562618401234556, 0.23235301612400053]}