{"handle_min": [-0.09260710571392321, -0.035705847020486264, -0.09261705505162446], "handle_max": [0.0925427490558208, -0.00011436901290775847, 0.09207078689556475], "goal_pos": [-3.217832927475683e-05, -0.0002731340733589604, 0.022110107913613317]}