{"min": [-0.3089813947677612, -0.04735232417195264, -0.4564285870525109], "max": [0.31292399168014523, 0.507032128771838, 0.4320082368270778]}