{"handle_min": [-0.06235714935554242, -0.049404663086348326, -0.06242284489052352], "handle_max": [0.06234315279468688, 0.0033786886234610904, 0.06227743426272525], "goal_pos": [-6.998280150583014e-06, -7.270531496033073e-05, 0.018012987077236177]}