{"min": [-0.41584500126917034, -0.058735682225004256, -0.891248910455514], "max": [0.8404919042155058, 0.06980600449693998, 0.8908065118442821]}