{"handle_min": [-0.13158079627487898, -0.07419524748442244, -0.017553868040920448], "handle_max": [0.008792306168570014, -0.007518023823784166, 0.017539407569941795], "lock_min": [-0.04384759386069153, -0.007518023823784166, -0.06142046924801417], "lock_max": [0.043885595166464085, -0.0004993687016117169, 0.06140599539000369], "goal_pos": [-0.06579039755438026, -0.001381625085782751, 0.0574361341496378]}