{"min": [-0.34017814658582207, -0.026961622231162694, -0.38138643664955496], "max": [0.3406658861786127, 0.6636090101304056, 0.3967206260709446]}