{"handle_min": [-0.060255146281104836, -0.0671758987654248, -0.06967394345467298], "handle_max": [0.0899846140543453, -5.041725985228604e-05, 0.08112066682491131], "goal_pos": [-0.0021352660842239857, 0.003723361762240529, 0.03861315920948982]}