{"min": [-0.36112414430017264, -0.07915976775130881, -0.8733381728584696], "max": [0.3609132701779967, 0.08011306499793275, 0.8680467488927589]}