{"handle_min": [-0.032099286405762005, -0.06423257247282138, -0.03205699546548254], "handle_max": [0.03213326500998913, 3.4350067005361697e-09, 0.032175556205501436], "goal_pos": [1.698930277918124e-05, 0.0, 0.052347006809062964]}