{"min": [-0.7496907862768055, -0.17360077240120855, -0.9090165200916578], "max": [0.7559474387705944, 0.0709678335940164, 0.9348515935122522]}