{"handle_min": [-0.031128396524099457, -0.054334299313371394, -0.031064515233263323], "handle_max": [0.03096794763201469, 4.688154277686473e-09, 0.031031832438958573], "goal_pos": [-8.022444604238434e-05, 0.0, 0.03939083824508078]}