{"min": [-0.47326599738277275, -0.046162430296140776, -0.9210839230784977], "max": [0.47569489443713, 0.0472825586221848, 0.9240887988804775]}