{"handle_min": [-0.032598731485008234, -0.049392511617267654, -0.03225066366492042], "handle_max": [0.0326806115942994, -8.29914812905123e-05, 0.03216693719507632], "goal_pos": [4.094005358514912e-05, 0.0, 0.03509145635703792]}