{"min": [-0.38067779876473706, -0.0834460021959868, -0.9206264894452275], "max": [0.3804555065200522, 0.08445091727336705, 0.9150485527179524]}