{"handle_min": [-0.14909935140009223, -0.06116709791627539, -0.01467413019194941], "handle_max": [0.01307239455562385, 0.006258101112289907, 0.01434781326230758], "goal_pos": [-0.07454967570004611, -0.0022982209309141445, 0.05043670691699071]}