{"min": [-0.39113133013481366, -0.046734210753483475, -0.910139427773238], "max": [0.40387550244755543, 0.047620353770292945, 0.8948938790897789]}