{"handle_min": [-0.030222075001860506, -0.07941777304999104, -0.029502595174072502], "handle_max": [0.03055558056169076, -0.011994855167757635, 0.03127504969414769], "lock_min": [-0.058703937731151436, -0.011994855167757635, -0.15560301558475048], "lock_max": [0.059037453986312764, -0.0002207430908499339, 0.07987976785017792], "goal_pos": [0.0001667527734935455, 0.0, 0.05748045307305105]}