{"min": [-0.413824672618333, -0.05513241739804364, -0.9296543247436536], "max": [0.4134713125687838, 0.05666440836078193, 0.937351457608495]}