{"handle_min": [-0.033979077556536404, -0.06799414585484556, -0.033934309983777], "handle_max": [0.034015046008099514, 3.636166786056313e-09, 0.03405981385103865], "goal_pos": [1.798422648615807e-05, 0.0, 0.05541254038277942]}