{"min": [-0.2706240117549896, -0.017587680369615555, -0.23071439564228058], "max": [0.27071453543511836, 0.5237508668204924, 0.3622974215896697]}