{"min": [-0.42633716751744666, -0.060799643954934285, -0.9205814109633735], "max": [0.4263375782570251, 0.06033238661046813, 0.9270384128172928]}