{"handle_min": [-0.033507259869480034, -0.08817371423517477, -0.03350544938344341], "handle_max": [0.03358454352219876, -0.00011572191701162896, 0.033586354008235376], "goal_pos": [3.864182603082364e-05, 0.0, 0.054710355233066395]}