{"min": [-0.5175917763452559, -0.025384569415466438, -0.9476644146708225], "max": [0.5183538102549994, 0.06957733889557258, 0.9515699089638812]}