{"handle_min": [-0.02955919720886856, -0.04858183431348216, -0.030400689514132318], "handle_max": [0.03135575158177871, -2.5878244967768074e-05, 0.030514259276514952], "goal_pos": [0.0008982772076710636, 0.0, 0.028729332415647322]}