{"min": [-0.4161856726289687, -0.06284209626464668, -0.9076965788692558], "max": [0.41590379123455706, 0.06517170291760621, 0.9164995411795193]}