{"handle_min": [-0.033042389489222446, -0.07764730925836798, -0.03262754866153992], "handle_max": [0.03221868969741241, -0.00012841582943404724, 0.03263354103710126], "goal_pos": [-0.000411849895905019, 0.0, 0.05299683703641329]}