{"min": [-0.30503079593181615, -0.026441687005262084, -0.30565519332885743], "max": [0.30456928874800654, 0.5831583976745606, 0.30394479930400853]}