{"handle_min": [-0.0771708744756766, -0.04007292462027498, -0.0794845649402083], "handle_max": [0.07686467374452814, -0.00016150403395362098, 0.0734520127291316], "goal_pos": [-0.0001531003654235974, -0.003016276052221656, 0.025117214769124985]}