{"min": [-0.4062600016593933, -0.003461663925174063, -0.30268323519808366], "max": [0.41242500543594357, 0.5669013642702062, 0.26768041884601956]}