{"handle_min": [-0.06688891682803225, -0.03575025529832003, -0.06512602508761245], "handle_max": [0.06539770188389749, 1.4841415650494738e-05, 0.06716146288943262], "goal_pos": [-0.000745607481803745, 0.001017718925140798, 0.022867707535624504]}