{"min": [-0.4752889651343186, -0.016187865848578318, -0.9017529401649872], "max": [0.8155756343548881, 0.0698697741173688, 0.9054574991199023]}