{"handle_min": [-0.0320408815764276, -0.07964921055079854, -0.03182183834970391], "handle_max": [0.031345077769016884, 0.001480626254171277, 0.03156407724550117], "goal_pos": [-0.000347901903705358, 0.0, 0.0537644340405913]}