{"min": [-0.8816829485391132, -0.06468810256953837, -0.9254832300905734], "max": [0.8786386734389086, 0.06411599925043521, 0.9207078276096625]}