{"handle_min": [-0.12649099224029708, -0.06665040331976849, -0.027329261488241472], "handle_max": [0.026852420523993715, -6.479324683570724e-06, 0.02717085795242915], "goal_pos": [-0.06324549750289918, -0.0010825939559785495, 0.057145507517695995]}