{"min": [-0.4886047499875244, -0.016641388136459146, -0.9270166197847935], "max": [0.8384249544006784, 0.07182725882275438, 0.9308249663586905]}