{"handle_min": [-0.11845689801362708, -0.07059259275032603, -0.02919636745367341], "handle_max": [0.029298712514166388, -0.0007193902203095516, 0.029061633646284387], "lock_min": [-0.02895929316933328, -0.015283919552642768, -0.14565492923392054], "lock_max": [0.029298708898308462, -0.0007194160069777692, -0.0873969271662782], "goal_pos": [-0.05922844712387303, 0.005825800005737509, 0.05488113386808179]}