{"min": [-0.40630576997447415, -0.061350277024985835, -0.8861486149943893], "max": [0.40603058021055355, 0.06362458074834397, 0.8947426022812042]}