{"handle_min": [-0.115277645098993, -0.0511071149049626, -0.03529197353187576], "handle_max": [0.03193752384856738, 0.006543601771392827, 0.0305945696093522], "goal_pos": [-0.05763882378411108, 0.0, 0.04287130093914766]}