{"min": [-0.39066842796750023, -0.06509942286007239, -0.9535884296992234], "max": [0.3929493199882867, 0.06531706605125512, 0.8450528218990565]}