{"handle_min": [-0.11788566843453996, -0.05555544971610165, -0.029851639739473204], "handle_max": [0.02997728752659918, -1.0406842987721338e-09, 0.029977289766447982], "goal_pos": [-0.05894283383383039, 0.0, 0.04487170788992365]}