{"min": [-0.46333444488048553, -0.022723593990797562, -0.8483240761762159], "max": [0.4640165974468269, 0.06228379036674974, 0.8518201711934814]}