{"handle_min": [-0.14068154502936858, -0.05771374428540252, -0.013845662559765309], "handle_max": [0.012334357232606527, 0.005904783120514699, 0.013537768733265242], "goal_pos": [-0.07034077251468429, -0.002168468664308594, 0.047589166476221884]}