{"min": [-0.39175255494282707, -0.025535040854891018, -0.8979838134613309], "max": [0.39119415514774014, 0.02646869856943937, 0.9115377818458085]}