{"handle_min": [-0.1314787169017286, -0.04330525308269698, -0.007888039529913071], "handle_max": [0.008350059940100562, -0.002179141918107054, 0.008562404439133305], "lock_min": [-0.024550827842745437, -0.0021791443244316634, -0.09785140498563544], "lock_max": [0.024800504064393682, -0.00012283518000225498, 0.03375214676673557], "goal_pos": [-0.06573935922527004, -0.0, 0.03828592490861581]}