{"min": [-0.34995204039411065, -0.02021072013548016, -0.8658122107189372], "max": [0.697512693002277, 0.10188706076117465, 0.8573074928402844]}