{"handle_min": [-0.1411258229798867, -0.08771734447361187, -0.023669485702748284], "handle_max": [0.02412999410356223, -0.0006175012584702327, 0.024580325383051826], "goal_pos": [-0.07056291216693666, 0.0, 0.06388489948623746]}