{"min": [-0.39198503571909227, -0.060741503657142946, -0.9183310410168066], "max": [0.388685030529658, 0.05783818019347677, 0.8928470490102791]}