{"handle_min": [-0.03172908396455772, -0.04522054111372721, -0.03175452913325596], "handle_max": [0.0318048377315167, -5.4627933650647934e-05, 0.031779392562818455], "goal_pos": [3.787688201254225e-05, 0.0, 0.03925415032803414]}