{"min": [-0.40391647387836094, -0.01908849596725237, -0.919864630969368], "max": [0.40416356667510844, 0.020193207909625, 0.9432087919034706]}