{"handle_min": [-0.1325925411156449, -0.05659619126276372, -0.03312794191541869], "handle_max": [0.03293915573603104, 8.186977363149102e-05, 0.03308473613067844], "goal_pos": [-0.06629627289258894, -0.0, 0.04944521619611883]}