{"min": [-0.30771929487442123, -4.2312600351795957e-05, -0.3655510392537174], "max": [0.24092069849515807, 0.5562176732130325, 0.27452893755520724]}