{"handle_min": [-0.0931506248193268, -0.0803642291066819, -0.0940852775801827], "handle_max": [0.09471668653759543, -0.0008348609668337197, 0.09378203209029257], "goal_pos": [0.0007830308284610509, 0.0817820280790329, 0.07059954553842544]}